customer_id,account_tenure_years,annual_income,credit_score,income_stability,loan_defaults,device_change_rate,ip_risk_score
CUST00001,6,21106.25,611,271.15,0,0.088,0.021
CUST00002,19,10000.0,712,126.62,0,0.147,0.07
CUST00003,14,64033.83,683,526.85,0,0.016,0.227
CUST00004,10,79386.81,737,501.9,0,0.145,0.06
CUST00005,7,71792.2,801,446.59,0,0.026,0.114
CUST00006,6,21755.89,570,304.51,0,0.046,0.038
CUST00007,18,85970.65,703,453.18,0,0.053,0.16
CUST00008,10,42544.6,613,445.23,0,0.17,0.25
CUST00009,10,37327.41,727,328.79,0,0.04,0.034
CUST00010,3,41984.19,664,414.19,0,0.071,0.038
CUST00011,7,61960.22,682,601.81,0,0.09,0.017
CUST00012,2,22882.46,603,216.43,0,0.307,0.107
CUST00013,1,59074.1,654,555.79,0,0.285,0.386
CUST00014,11,70736.21,685,730.09,0,0.106,0.018
CUST00015,5,87683.1,761,880.42,0,0.214,0.04
CUST00016,1,64398.92,632,525.63,0,0.151,0.045
CUST00017,0,26509.29,647,225.93,0,0.024,0.026
CUST00018,11,63722.26,737,612.86,0,0.141,0.014
CUST00019,11,33493.54,628,366.51,0,0.256,0.073
CUST00020,16,32051.37,749,250.61,0,0.107,0.048
CUST00021,9,25932.41,679,315.25,0,0.054,0.063
CUST00022,15,12218.66,698,151.05,0,0.07,0.015
CUST00023,14,45820.92,702,372.87,0,0.203,0.074
CUST00024,14,88222.22,643,641.66,0,0.057,0.001
CUST00025,18,116412.1,703,974.33,0,0.214,0.077
CUST00026,11,45660.37,634,289.45,0,0.002,0.017
CUST00027,19,87152.64,650,584.39,0,0.032,0.025
CUST00028,2,50135.44,714,326.73,0,0.072,0.12
CUST00029,4,18731.61,698,129.7,0,0.051,0.102
CUST00030,18,77523.56,676,574.54,0,0.053,0.073
CUST00031,6,65870.35,604,755.82,0,0.076,0.078
CUST00032,8,105450.49,619,830.9,0,0.116,0.029
CUST00033,6,21633.04,697,171.82,0,0.147,0.002
CUST00034,17,129900.82,724,1269.38,0,0.206,0.035
CUST00035,3,99792.93,613,932.79,0,0.067,0.017
CUST00036,13,59551.91,630,545.28,0,0.119,0.172
CUST00037,17,52534.06,688,358.98,0,0.212,0.026
CUST00038,8,42104.75,687,462.96,0,0.191,0.051
CUST00039,1,62743.32,583,621.65,0,0.181,0.039
CUST00040,19,55401.6,690,451.84,0,0.013,0.213
CUST00041,14,72844.89,644,457.37,0,0.017,0.227
CUST00042,6,52640.83,778,505.73,0,0.256,0.04
CUST00043,11,95374.09,695,1086.5,0,0.043,0.048
CUST00044,7,63126.15,705,337.7,0,0.125,0.046
CUST00045,14,53579.57,707,486.28,0,0.104,0.116
CUST00046,2,85607.16,607,613.81,0,0.005,0.088
CUST00047,13,19436.91,797,172.45,0,0.307,0.21
CUST00048,16,68524.71,583,449.66,0,0.074,0.12
CUST00049,3,60639.28,728,678.15,0,0.024,0.027
CUST00050,17,24728.74,717,281.9,0,0.022,0.218
CUST00051,7,17287.42,651,214.52,0,0.204,0.163
CUST00052,3,85258.63,720,734.16,0,0.157,0.036
CUST00053,1,84069.77,661,446.86,0,0.014,0.011
CUST00054,5,64313.96,639,614.56,1,0.047,0.007
CUST00055,9,102916.44,708,1018.21,0,0.323,0.006
CUST00056,3,71024.2,620,545.5,0,0.059,0.01
CUST00057,17,91245.13,667,1062.27,0,0.054,0.18
CUST00058,11,70508.11,644,740.37,0,0.107,0.01
CUST00059,1,53104.76,660,317.02,0,0.107,0.008
CUST00060,9,33561.72,706,171.44,0,0.045,0.024
CUST00061,3,44914.09,644,377.39,0,0.154,0.022
CUST00062,13,53571.94,668,368.38,0,0.044,0.044
CUST00063,15,94078.83,650,705.96,0,0.031,0.039
CUST00064,14,79247.99,767,661.2,0,0.104,0.117
CUST00065,7,68257.98,701,693.13,0,0.004,0.015
CUST00066,13,81750.25,693,704.6,0,0.206,0.045
CUST00067,7,73184.59,721,682.1,0,0.041,0.029
CUST00068,15,66548.44,644,445.91,0,0.237,0.277
CUST00069,12,22533.51,732,142.81,0,0.007,0.025
CUST00070,17,88478.94,701,786.14,0,0.08,0.063
CUST00071,14,48537.2,586,490.6,0,0.002,0.028
CUST00072,12,87213.51,594,858.0,0,0.095,0.042
CUST00073,8,89630.26,646,867.41,0,0.011,0.026
CUST00074,14,43249.02,601,385.42,0,0.026,0.032
CUST00075,12,83742.9,666,424.9,0,0.07,0.032
CUST00076,0,50975.31,619,504.94,0,0.047,0.122
CUST00077,6,51124.19,674,440.32,0,0.014,0.076
CUST00078,8,66436.83,765,749.59,0,0.022,0.121
CUST00079,0,67111.81,677,401.12,0,0.112,0.112
CUST00080,11,60963.79,662,295.52,0,0.053,0.036
CUST00081,7,26642.8,703,296.08,0,0.059,0.029
CUST00082,10,56963.83,638,520.41,0,0.116,0.015
CUST00083,18,116961.97,731,776.85,0,0.369,0.34
CUST00084,16,10000.0,710,111.55,0,0.143,0.006
CUST00085,7,81743.51,682,460.07,0,0.119,0.31
CUST00086,2,86428.12,689,858.79,0,0.096,0.283
CUST00087,2,26041.31,803,307.27,0,0.025,0.16
CUST00088,0,48264.03,737,418.83,0,0.045,0.003
CUST00089,4,34982.07,812,292.68,0,0.028,0.207
CUST00090,9,106349.13,712,450.38,0,0.136,0.076
CUST00091,6,87575.63,592,967.7,0,0.109,0.005
CUST00092,8,88785.63,664,730.16,0,0.059,0.092
CUST00093,6,63016.18,578,533.8,0,0.149,0.165
CUST00094,8,92802.3,712,800.74,0,0.027,0.022
CUST00095,7,59794.09,725,577.81,0,0.109,0.034
CUST00096,11,93978.94,627,916.85,0,0.048,0.038
CUST00097,1,56282.59,641,612.44,0,0.325,0.001
CUST00098,0,43018.95,689,543.09,0,0.041,0.193
CUST00099,15,105273.76,608,869.75,0,0.223,0.123
CUST00100,4,59478.78,604,527.22,0,0.07,0.089
CUST00101,2,37530.0,754,284.76,0,0.081,0.0
CUST00102,11,37259.15,687,320.43,0,0.058,0.239
CUST00103,7,37335.53,647,229.73,0,0.031,0.07
CUST00104,2,81111.06,578,743.45,0,0.214,0.238
CUST00105,0,57528.43,731,513.76,0,0.059,0.044
CUST00106,2,117448.97,639,1300.12,0,0.201,0.069
CUST00107,4,89654.45,792,568.65,0,0.012,0.031
CUST00108,14,66428.45,732,403.18,0,0.47,0.095
CUST00109,13,95097.44,632,815.04,0,0.164,0.044
CUST00110,2,47612.32,637,380.21,0,0.043,0.1
CUST00111,0,13630.35,783,210.7,0,0.058,0.07
CUST00112,4,35260.42,675,343.08,0,0.143,0.012
CUST00113,13,63680.2,649,575.52,0,0.155,0.15
CUST00114,6,54436.46,682,526.49,0,0.064,0.087
CUST00115,8,80610.38,649,558.07,0,0.045,0.132
CUST00116,14,56884.66,694,525.86,0,0.176,0.034
CUST00117,14,78700.87,675,745.47,0,0.08,0.047
CUST00118,9,97524.29,733,665.92,0,0.03,0.077
CUST00119,12,56807.6,657,503.4,0,0.072,0.039
CUST00120,18,73878.63,627,447.89,0,0.036,0.0
CUST00121,6,16130.33,659,145.57,0,0.033,0.188
CUST00122,16,56902.65,659,459.14,0,0.053,0.031
CUST00123,19,29201.05,675,295.46,0,0.064,0.228
CUST00124,3,63630.67,718,457.75,0,0.132,0.074
CUST00125,4,65899.99,715,634.88,0,0.042,0.047
CUST00126,6,65816.91,752,433.3,0,0.082,0.195
CUST00127,12,47996.94,631,340.58,0,0.22,0.2
CUST00128,14,117461.72,703,1180.46,0,0.092,0.022
CUST00129,10,28299.46,724,320.89,0,0.166,0.153
CUST00130,3,26771.35,640,231.36,0,0.073,0.154
CUST00131,12,101374.46,668,1159.53,0,0.103,0.1
CUST00132,6,42393.02,575,456.41,0,0.026,0.089
CUST00133,18,36382.73,734,492.93,0,0.126,0.004
CUST00134,1,117572.8,667,719.53,0,0.185,0.028
CUST00135,9,84643.07,728,464.08,0,0.036,0.09
CUST00136,12,45138.39,692,595.65,0,0.08,0.179
CUST00137,5,65437.7,669,563.87,0,0.149,0.003
CUST00138,11,108646.78,584,955.88,0,0.168,0.217
CUST00139,11,77290.52,595,770.39,0,0.165,0.161
CUST00140,19,92153.71,524,382.32,0,0.061,0.066
CUST00141,10,80120.08,646,397.25,0,0.312,0.09
CUST00142,6,83256.33,817,1211.66,0,0.141,0.156
CUST00143,0,60993.54,603,436.58,0,0.033,0.036
CUST00144,0,60283.71,522,481.23,0,0.061,0.066
CUST00145,19,66676.26,738,483.95,0,0.12,0.028
CUST00146,12,78361.32,822,532.3,0,0.259,0.043
CUST00147,8,52917.12,698,480.84,0,0.01,0.003
CUST00148,2,63051.35,697,463.5,1,0.041,0.043
CUST00149,6,52241.36,661,284.98,0,0.023,0.085
CUST00150,5,62892.12,572,589.04,0,0.111,0.269
CUST00151,7,28725.09,593,271.76,0,0.249,0.001
CUST00152,8,125149.44,661,917.28,0,0.159,0.006
CUST00153,4,41676.5,649,274.2,1,0.052,0.01
CUST00154,0,50963.48,673,449.04,0,0.229,0.115
CUST00155,18,39518.39,730,189.74,0,0.092,0.032
CUST00156,9,75392.72,645,451.81,0,0.132,0.005
CUST00157,11,55099.93,731,485.31,0,0.116,0.026
CUST00158,14,35904.81,645,316.48,0,0.07,0.077
CUST00159,8,76422.08,742,616.16,0,0.093,0.257
CUST00160,19,79791.23,685,387.29,0,0.07,0.075
CUST00161,16,58328.09,654,467.04,0,0.148,0.243
CUST00162,16,43409.35,684,352.68,0,0.06,0.075
CUST00163,19,114776.65,662,1010.85,0,0.123,0.056
CUST00164,11,68501.69,687,562.09,0,0.192,0.06
CUST00165,6,28148.28,725,206.3,0,0.01,0.023
CUST00166,1,95351.01,675,669.97,0,0.08,0.116
CUST00167,2,38605.63,658,266.27,0,0.032,0.031
CUST00168,16,128546.96,613,757.12,0,0.195,0.069
CUST00169,4,61991.45,715,513.77,0,0.151,0.273
CUST00170,16,85332.9,701,748.92,0,0.016,0.011
CUST00171,16,10000.0,609,167.96,0,0.053,0.001
CUST00172,16,27896.48,730,336.99,0,0.235,0.018
CUST00173,1,93346.49,608,1023.64,0,0.081,0.003
CUST00174,1,67945.38,742,466.5,0,0.326,0.074
CUST00175,4,111059.91,721,1193.89,0,0.284,0.012
CUST00176,0,72129.38,705,588.81,0,0.222,0.027
CUST00177,0,63632.41,657,616.58,0,0.076,0.245
CUST00178,18,102839.35,715,881.59,0,0.118,0.041
CUST00179,1,85253.42,745,784.33,0,0.056,0.075
CUST00180,11,55093.47,716,349.61,0,0.108,0.038
CUST00181,5,32647.4,640,421.58,0,0.05,0.019
CUST00182,3,10000.0,696,101.18,0,0.149,0.141
CUST00183,10,49058.36,748,455.36,1,0.297,0.159
CUST00184,16,30341.62,812,244.78,0,0.127,0.061
CUST00185,5,124942.62,668,1024.86,0,0.065,0.039
CUST00186,4,43740.73,731,334.32,0,0.203,0.258
CUST00187,19,43057.27,748,364.28,0,0.37,0.015
CUST00188,1,21968.88,631,249.14,0,0.13,0.086
CUST00189,5,53342.07,787,397.01,0,0.045,0.009
CUST00190,10,43386.63,616,313.78,0,0.045,0.01
CUST00191,15,103443.24,729,596.43,0,0.028,0.063
CUST00192,15,64211.9,698,309.97,0,0.075,0.244
CUST00193,0,59778.4,683,511.91,0,0.155,0.179
CUST00194,8,56633.18,833,520.66,0,0.003,0.16
CUST00195,5,79654.37,662,694.63,0,0.051,0.048
CUST00196,15,48691.8,661,518.66,0,0.22,0.004
CUST00197,2,76680.15,760,541.47,0,0.245,0.112
CUST00198,19,100349.25,726,1027.42,0,0.032,0.016
CUST00199,3,71501.88,757,684.57,1,0.179,0.004
CUST00200,18,53756.72,687,625.3,0,0.226,0.045
CUST00201,2,36163.52,699,279.09,0,0.074,0.29
CUST00202,18,53121.9,794,551.94,0,0.055,0.206
CUST00203,19,74076.97,630,722.26,0,0.039,0.008
CUST00204,6,21686.82,674,213.1,1,0.027,0.025
CUST00205,19,80788.57,728,634.71,0,0.007,0.244
CUST00206,8,65190.32,668,454.59,0,0.292,0.058
CUST00207,0,56270.27,646,578.61,0,0.083,0.068
CUST00208,7,43514.66,717,518.88,0,0.242,0.009
CUST00209,6,48090.56,760,490.37,0,0.002,0.065
CUST00210,17,74932.65,672,445.7,0,0.046,0.114
CUST00211,7,56794.71,670,528.6,0,0.05,0.045
CUST00212,0,47471.5,641,505.14,0,0.009,0.01
CUST00213,10,71714.09,662,594.11,0,0.061,0.108
CUST00214,17,72704.74,745,934.99,0,0.033,0.003
CUST00215,9,28770.62,685,322.51,0,0.011,0.178
CUST00216,2,74287.02,632,508.89,0,0.068,0.217
CUST00217,6,122542.46,696,1188.61,0,0.066,0.01
CUST00218,15,71740.52,743,542.79,0,0.015,0.108
CUST00219,15,17524.82,646,196.71,0,0.211,0.121
CUST00220,19,64434.38,600,609.04,0,0.108,0.005
CUST00221,16,14229.62,811,162.0,0,0.279,0.006
CUST00222,1,139184.29,597,1194.45,0,0.012,0.029
CUST00223,0,115891.87,658,1024.09,0,0.058,0.053
CUST00224,15,43351.54,694,458.88,0,0.104,0.155
CUST00225,11,10000.0,664,149.56,0,0.075,0.025
CUST00226,4,38040.72,676,335.94,0,0.079,0.07
CUST00227,4,55475.23,715,518.81,0,0.117,0.123
CUST00228,8,15953.41,536,126.95,0,0.047,0.136
CUST00229,8,58274.44,604,429.99,0,0.119,0.027
CUST00230,2,55310.53,683,698.31,0,0.097,0.004
CUST00231,18,63128.87,656,586.38,0,0.165,0.127
CUST00232,15,65741.13,688,621.8,0,0.348,0.04
CUST00233,15,35859.56,694,343.18,0,0.154,0.095
CUST00234,2,38664.65,553,277.11,0,0.053,0.005
CUST00235,19,61139.8,756,721.32,1,0.226,0.142
CUST00236,0,44225.2,650,364.83,0,0.248,0.265
CUST00237,19,82687.37,628,645.25,1,0.093,0.086
CUST00238,10,60897.36,693,534.6,0,0.094,0.084
CUST00239,16,106625.08,686,810.36,0,0.104,0.066
CUST00240,7,80512.06,752,621.89,0,0.045,0.06
CUST00241,3,87592.85,696,789.63,0,0.256,0.101
CUST00242,5,63314.15,749,503.6,0,0.06,0.059
CUST00243,7,63934.04,624,594.2,0,0.144,0.009
CUST00244,19,103283.01,689,1372.65,0,0.177,0.03
CUST00245,2,50542.68,613,407.7,0,0.093,0.008
CUST00246,15,73669.48,686,646.16,0,0.02,0.12
CUST00247,2,53344.06,673,376.09,0,0.067,0.104
CUST00248,17,53284.1,671,395.75,0,0.051,0.12
CUST00249,13,30777.59,671,158.8,0,0.165,0.028
CUST00250,17,41437.14,724,292.19,0,0.376,0.115
CUST00251,1,36793.26,584,379.75,0,0.048,0.009
CUST00252,2,74859.22,626,544.55,0,0.154,0.062
CUST00253,15,86005.15,678,495.91,0,0.345,0.021
CUST00254,8,57631.17,609,487.13,0,0.128,0.307
CUST00255,3,65740.7,683,442.4,0,0.156,0.022
CUST00256,0,56188.22,677,647.37,0,0.146,0.006
CUST00257,3,39730.6,596,253.32,0,0.161,0.006
CUST00258,0,81556.58,593,520.06,1,0.161,0.046
CUST00259,13,76313.37,523,551.67,0,0.047,0.065
CUST00260,15,12686.35,607,102.6,0,0.321,0.104
CUST00261,19,52922.27,681,391.51,0,0.157,0.084
CUST00262,7,37949.32,689,363.54,0,0.012,0.098
CUST00263,6,50226.54,692,438.63,0,0.074,0.008
CUST00264,2,43239.21,633,305.83,0,0.288,0.047
CUST00265,16,58839.49,679,613.02,0,0.362,0.07
CUST00266,0,51752.13,704,498.26,0,0.053,0.027
CUST00267,15,51221.48,604,328.35,0,0.221,0.015
CUST00268,11,87684.71,687,800.27,0,0.008,0.047
CUST00269,18,73929.47,719,524.19,0,0.153,0.111
CUST00270,13,42402.63,651,551.46,0,0.013,0.096
CUST00271,5,46111.33,744,438.87,0,0.048,0.228
CUST00272,5,72294.83,652,582.17,0,0.072,0.066
CUST00273,12,72260.49,628,731.09,0,0.219,0.019
CUST00274,18,44905.49,713,452.91,0,0.107,0.042
CUST00275,7,54150.23,802,554.82,0,0.025,0.08
CUST00276,1,106170.15,685,886.77,0,0.04,0.019
CUST00277,0,45336.3,718,523.46,1,0.044,0.021
CUST00278,14,107770.11,649,930.89,0,0.137,0.018
CUST00279,0,87591.67,606,765.71,0,0.098,0.074
CUST00280,4,103135.41,690,887.66,0,0.09,0.007
CUST00281,15,44273.2,699,368.75,0,0.101,0.016
CUST00282,18,55786.1,659,485.48,0,0.037,0.052
CUST00283,3,48770.9,718,528.67,0,0.117,0.053
CUST00284,2,88168.83,641,573.96,0,0.083,0.097
CUST00285,16,45807.91,626,348.69,0,0.217,0.073
CUST00286,16,78280.39,744,475.77,0,0.154,0.012
CUST00287,11,76957.49,744,843.1,1,0.031,0.085
CUST00288,13,58799.26,642,364.03,0,0.087,0.097
CUST00289,5,92466.49,783,649.52,0,0.018,0.143
CUST00290,2,62692.0,663,545.62,0,0.086,0.065
CUST00291,8,80852.14,685,673.52,1,0.335,0.013
CUST00292,4,47632.42,675,597.42,0,0.169,0.089
CUST00293,16,41914.08,711,261.38,0,0.057,0.087
CUST00294,13,78278.64,696,672.92,0,0.038,0.04
CUST00295,2,70771.01,695,303.11,0,0.078,0.125
CUST00296,0,66082.69,619,630.92,0,0.181,0.024
CUST00297,19,51407.79,579,374.34,0,0.124,0.073
CUST00298,0,98730.24,749,1283.29,0,0.007,0.092
CUST00299,2,32085.35,647,191.5,0,0.0,0.018
CUST00300,17,30716.42,677,358.97,0,0.167,0.063
CUST00301,9,83554.16,700,822.47,0,0.019,0.03
CUST00302,2,81502.41,778,682.65,0,0.402,0.157
CUST00303,7,68844.07,690,709.07,0,0.008,0.159
CUST00304,13,52801.19,656,540.67,0,0.034,0.145
CUST00305,17,72560.55,649,502.88,0,0.172,0.078
CUST00306,14,103020.76,678,837.72,0,0.34,0.023
CUST00307,1,122888.66,625,1020.56,0,0.014,0.027
CUST00308,9,18589.66,682,140.91,0,0.063,0.062
CUST00309,1,49527.0,677,459.81,0,0.089,0.055
CUST00310,16,47955.67,778,465.54,0,0.276,0.018
CUST00311,7,100662.99,675,749.36,0,0.066,0.008
CUST00312,0,10000.0,565,140.15,0,0.092,0.068
CUST00313,8,72845.88,840,549.27,0,0.067,0.112
CUST00314,10,53579.74,737,371.1,1,0.052,0.012
CUST00315,15,100952.82,805,668.51,0,0.054,0.013
CUST00316,6,97525.97,611,773.55,0,0.063,0.073
CUST00317,9,69137.67,667,618.81,0,0.199,0.003
CUST00318,2,20506.92,720,170.79,0,0.08,0.054
CUST00319,17,45652.76,712,414.05,0,0.079,0.022
CUST00320,12,48390.22,698,660.3,0,0.113,0.204
CUST00321,6,26838.63,548,207.56,0,0.118,0.15
CUST00322,3,88864.61,577,1040.28,0,0.118,0.047
CUST00323,12,23664.34,771,215.77,0,0.019,0.029
CUST00324,19,109133.19,782,804.16,0,0.153,0.026
CUST00325,0,109070.57,674,681.45,0,0.035,0.019
CUST00326,7,50373.49,763,391.78,0,0.206,0.125
CUST00327,13,68212.38,619,379.3,0,0.045,0.019
CUST00328,15,58192.91,632,429.1,0,0.089,0.164
CUST00329,13,82545.62,614,948.79,0,0.129,0.046
CUST00330,11,91866.93,629,579.5,0,0.018,0.109
CUST00331,18,66449.92,723,612.67,0,0.01,0.127
CUST00332,14,71727.92,628,576.22,0,0.37,0.097
CUST00333,1,44484.89,814,516.55,0,0.081,0.18
CUST00334,1,70917.85,708,554.38,0,0.24,0.029
CUST00335,18,64069.05,745,363.82,0,0.076,0.054
CUST00336,16,37205.14,709,278.48,0,0.276,0.009
CUST00337,19,59649.07,753,395.11,0,0.058,0.028
CUST00338,9,50420.44,628,355.76,0,0.059,0.038
CUST00339,5,44762.61,767,385.18,0,0.085,0.071
CUST00340,14,31337.72,688,357.45,0,0.003,0.028
CUST00341,10,61562.57,753,637.29,1,0.114,0.124
CUST00342,4,40488.15,594,489.45,0,0.055,0.025
CUST00343,0,48222.3,691,409.21,0,0.059,0.1
CUST00344,7,86878.11,689,617.23,1,0.137,0.216
CUST00345,11,75802.9,643,1009.66,0,0.05,0.09
CUST00346,11,35530.83,699,286.39,0,0.13,0.013
CUST00347,4,68797.28,772,441.84,0,0.05,0.127
CUST00348,6,63319.52,638,355.83,0,0.133,0.082
CUST00349,3,102542.41,738,838.18,0,0.053,0.118
CUST00350,5,94578.63,612,1057.28,0,0.037,0.213
CUST00351,12,21656.28,807,214.12,0,0.204,0.095
CUST00352,19,81528.19,727,707.75,0,0.064,0.003
CUST00353,14,91629.93,784,633.24,0,0.055,0.048
CUST00354,2,73983.98,720,555.96,0,0.125,0.033
CUST00355,7,51614.7,703,611.34,0,0.054,0.033
CUST00356,19,120334.85,728,1001.86,0,0.352,0.06
CUST00357,15,76285.23,672,983.33,0,0.094,0.02
CUST00358,12,109413.61,583,725.28,0,0.08,0.096
CUST00359,17,93786.96,707,716.22,0,0.033,0.066
CUST00360,9,71603.37,635,536.03,0,0.022,0.001
CUST00361,18,45507.48,614,460.48,0,0.427,0.03
CUST00362,16,59397.38,718,455.23,0,0.217,0.023
CUST00363,18,54452.19,663,546.44,0,0.234,0.005
CUST00364,4,29637.03,742,264.22,0,0.123,0.005
CUST00365,8,76257.04,633,626.69,0,0.308,0.046
CUST00366,11,99183.83,652,797.33,2,0.136,0.017
CUST00367,0,52542.41,749,446.04,0,0.011,0.007
CUST00368,0,114091.41,697,859.97,1,0.055,0.026
CUST00369,14,21060.43,591,133.52,0,0.037,0.031
CUST00370,1,86359.09,695,637.81,0,0.24,0.015
CUST00371,15,101788.01,769,612.42,0,0.135,0.07
CUST00372,7,54899.24,651,603.73,0,0.226,0.108
CUST00373,12,55348.59,716,562.47,0,0.108,0.056
CUST00374,0,86069.13,629,746.49,0,0.041,0.19
CUST00375,15,72649.78,672,638.18,0,0.196,0.047
CUST00376,6,10064.72,745,100.05,0,0.215,0.064
CUST00377,4,38915.67,693,382.86,0,0.021,0.119
CUST00378,2,59661.26,757,537.33,0,0.124,0.075
CUST00379,11,25757.55,706,335.76,1,0.269,0.079
CUST00380,15,48145.64,813,425.28,0,0.03,0.1
CUST00381,18,26382.86,586,234.9,1,0.213,0.39
CUST00382,4,50745.73,667,301.87,0,0.05,0.002
CUST00383,13,51584.43,615,456.76,0,0.022,0.468
CUST00384,4,68793.87,619,897.07,0,0.092,0.001
CUST00385,14,57706.02,620,448.69,0,0.039,0.055
CUST00386,16,72569.74,690,429.93,0,0.045,0.082
CUST00387,13,69588.6,694,410.63,0,0.137,0.203
CUST00388,19,85783.5,706,759.68,0,0.039,0.046
CUST00389,4,81844.58,613,971.57,0,0.158,0.011
CUST00390,11,79203.1,661,702.58,0,0.154,0.012
CUST00391,15,137621.69,622,1288.4,0,0.004,0.063
CUST00392,15,68685.07,736,499.74,0,0.103,0.089
CUST00393,6,124839.29,628,665.61,0,0.201,0.106
CUST00394,3,70305.46,667,573.67,0,0.233,0.096
CUST00395,0,57928.73,714,466.1,0,0.05,0.081
CUST00396,4,50670.87,643,462.48,0,0.009,0.115
CUST00397,9,97743.14,722,881.59,1,0.048,0.054
CUST00398,4,101012.58,776,919.88,0,0.438,0.021
CUST00399,3,74994.6,691,585.74,0,0.062,0.013
CUST00400,1,88338.67,734,744.58,0,0.073,0.01
CUST00401,19,28069.49,556,279.23,0,0.035,0.195
CUST00402,9,21280.5,654,229.53,0,0.031,0.025
CUST00403,18,91158.17,691,793.37,0,0.132,0.21
CUST00404,0,56829.71,617,417.49,0,0.036,0.053
CUST00405,4,78732.56,692,509.63,0,0.075,0.077
CUST00406,12,42067.8,744,447.91,0,0.218,0.132
CUST00407,3,101424.71,567,743.49,0,0.111,0.058
CUST00408,15,21489.53,609,238.77,0,0.135,0.163
CUST00409,15,25360.37,691,209.57,0,0.217,0.109
CUST00410,1,96107.79,708,625.72,0,0.299,0.146
CUST00411,16,10000.0,724,145.46,0,0.102,0.105
CUST00412,19,69464.22,687,794.04,0,0.153,0.0
CUST00413,11,57316.85,708,519.66,0,0.128,0.023
CUST00414,17,41601.2,734,503.87,0,0.087,0.113
CUST00415,2,55001.5,655,534.97,0,0.322,0.06
CUST00416,0,38811.91,643,529.14,0,0.174,0.117
CUST00417,0,98556.4,670,713.96,0,0.17,0.082
CUST00418,18,105112.43,692,1221.33,0,0.045,0.004
CUST00419,10,42856.56,641,586.14,0,0.034,0.049
CUST00420,4,66888.12,656,511.28,0,0.064,0.001
CUST00421,11,26873.09,704,263.44,0,0.258,0.023
CUST00422,2,86826.3,689,433.1,1,0.266,0.011
CUST00423,0,86175.23,669,593.71,0,0.234,0.042
CUST00424,0,52618.44,576,351.19,0,0.006,0.0
CUST00425,7,60422.13,680,566.45,0,0.06,0.071
CUST00426,9,57655.86,622,677.93,0,0.334,0.103
CUST00427,10,19538.55,739,179.07,0,0.21,0.031
CUST00428,11,98650.1,661,982.2,0,0.318,0.053
CUST00429,12,40826.17,620,436.27,0,0.004,0.059
CUST00430,11,40996.27,676,210.79,0,0.094,0.093
CUST00431,13,56239.5,756,603.21,0,0.112,0.044
CUST00432,1,84888.71,718,579.69,0,0.061,0.003
CUST00433,18,45217.42,693,276.78,0,0.342,0.044
CUST00434,17,11195.37,600,119.24,0,0.026,0.104
CUST00435,2,37825.05,777,271.92,0,0.047,0.148
CUST00436,16,70603.51,643,423.75,0,0.014,0.113
CUST00437,7,114743.76,736,877.48,0,0.041,0.132
CUST00438,9,28502.0,660,332.82,0,0.135,0.146
CUST00439,1,27587.46,730,323.16,0,0.081,0.06
CUST00440,18,22185.11,758,234.24,0,0.08,0.083
CUST00441,8,19081.88,719,202.65,0,0.051,0.082
CUST00442,6,90142.29,725,638.12,0,0.05,0.084
CUST00443,3,97367.21,674,901.2,0,0.043,0.084
CUST00444,17,64443.9,654,680.12,0,0.249,0.034
CUST00445,12,48307.18,688,483.37,0,0.118,0.023
CUST00446,10,104778.59,660,925.29,0,0.115,0.047
CUST00447,3,64347.7,828,644.37,0,0.166,0.022
CUST00448,3,87235.92,620,583.87,0,0.13,0.089
CUST00449,9,47088.78,740,308.45,0,0.021,0.042
CUST00450,4,61106.1,711,460.38,0,0.194,0.008
CUST00451,8,29066.46,694,270.08,0,0.067,0.036
CUST00452,2,75731.22,769,835.51,0,0.207,0.017
CUST00453,16,64773.44,698,643.88,0,0.306,0.068
CUST00454,2,37635.92,642,384.42,0,0.012,0.012
CUST00455,15,37972.32,698,292.68,0,0.057,0.139
CUST00456,3,100398.96,669,1095.05,0,0.198,0.091
CUST00457,17,109291.72,710,919.05,0,0.137,0.077
CUST00458,16,54671.62,729,537.63,0,0.097,0.149
CUST00459,6,61693.84,628,574.26,0,0.098,0.005
CUST00460,4,70002.86,752,548.7,0,0.029,0.066
CUST00461,11,63700.79,665,623.06,0,0.018,0.027
CUST00462,16,18142.56,707,203.05,0,0.144,0.029
CUST00463,12,70696.77,717,609.85,0,0.086,0.074
CUST00464,2,10000.0,702,122.29,0,0.068,0.11
CUST00465,8,41682.9,673,338.73,0,0.006,0.082
CUST00466,16,72635.68,651,586.95,0,0.018,0.057
CUST00467,16,74999.86,664,470.12,0,0.048,0.247
CUST00468,19,39748.17,774,436.38,0,0.039,0.023
CUST00469,15,48539.08,628,279.79,0,0.056,0.002
CUST00470,12,45154.09,637,496.41,0,0.025,0.033
CUST00471,18,57428.9,634,371.95,0,0.182,0.145
CUST00472,16,59330.14,688,259.95,0,0.122,0.132
CUST00473,3,76711.7,589,628.36,0,0.057,0.056
CUST00474,11,47077.58,599,381.09,0,0.172,0.004
CUST00475,8,69334.9,664,640.76,0,0.081,0.047
CUST00476,18,72675.39,603,656.26,0,0.358,0.063
CUST00477,11,64957.23,608,416.14,0,0.126,0.239
CUST00478,8,53509.85,603,259.75,0,0.088,0.097
CUST00479,6,64516.14,629,625.75,0,0.009,0.005
CUST00480,13,78793.51,724,927.16,0,0.191,0.245
CUST00481,19,80979.62,737,675.76,0,0.059,0.067
CUST00482,18,105384.32,795,806.76,0,0.175,0.352
CUST00483,14,35249.34,793,246.46,0,0.033,0.105
CUST00484,15,48999.82,727,484.54,0,0.018,0.024
CUST00485,4,19663.28,742,261.85,0,0.094,0.033
CUST00486,2,83275.24,688,532.98,0,0.054,0.19
CUST00487,11,51637.31,711,410.16,0,0.015,0.086
CUST00488,19,65154.77,797,455.69,0,0.025,0.068
CUST00489,3,44891.54,702,401.91,0,0.208,0.222
CUST00490,15,51832.4,749,261.23,0,0.039,0.105
CUST00491,6,90579.75,624,858.48,0,0.381,0.137
CUST00492,12,77355.84,640,645.1,0,0.187,0.134
CUST00493,9,57211.95,699,598.06,0,0.03,0.019
CUST00494,6,79195.35,689,655.52,0,0.088,0.026
CUST00495,13,79747.5,643,598.89,0,0.095,0.023
CUST00496,4,50214.36,824,325.86,0,0.013,0.104
CUST00497,2,23273.01,690,248.91,0,0.049,0.046
CUST00498,10,37520.96,653,395.28,0,0.055,0.035
CUST00499,10,26486.78,689,277.24,0,0.026,0.143
CUST00500,17,89110.87,682,714.66,0,0.006,0.143
CUST00501,14,93452.88,691,670.55,0,0.291,0.021
CUST00502,11,99659.35,584,1008.23,0,0.132,0.078
CUST00503,8,10000.0,758,70.72,0,0.05,0.213
CUST00504,9,86785.02,761,981.73,0,0.031,0.084
CUST00505,11,115304.78,768,908.22,0,0.278,0.149
CUST00506,16,87799.69,700,723.22,0,0.052,0.015
CUST00507,5,10000.0,720,67.28,0,0.111,0.019
CUST00508,6,104207.46,628,639.95,0,0.136,0.142
CUST00509,13,61042.23,730,499.95,0,0.052,0.053
CUST00510,12,54190.02,695,512.18,0,0.13,0.124
CUST00511,7,71277.38,652,625.13,0,0.012,0.01
CUST00512,9,33774.83,732,265.35,0,0.031,0.066
CUST00513,8,60069.56,734,370.25,0,0.148,0.019
CUST00514,17,100510.74,684,846.06,0,0.214,0.18
CUST00515,1,75559.92,706,810.58,0,0.051,0.02
CUST00516,4,61460.04,618,525.75,0,0.024,0.048
CUST00517,4,62240.2,755,706.03,0,0.149,0.001
CUST00518,5,30465.15,626,306.28,0,0.231,0.176
CUST00519,18,56250.3,638,544.14,0,0.001,0.121
CUST00520,7,19142.62,684,275.14,0,0.001,0.058
CUST00521,15,85561.02,747,638.14,0,0.052,0.047
CUST00522,12,10000.0,747,135.24,0,0.199,0.216
CUST00523,0,81372.51,680,755.02,0,0.036,0.022
CUST00524,19,84485.27,726,439.4,1,0.186,0.168
CUST00525,16,92969.12,579,919.02,0,0.143,0.035
CUST00526,6,62171.48,637,437.84,0,0.04,0.03
CUST00527,12,82915.71,638,387.64,0,0.023,0.073
CUST00528,3,56006.33,755,440.09,1,0.023,0.12
CUST00529,3,30332.57,719,256.64,0,0.075,0.051
CUST00530,5,98268.31,691,695.92,0,0.064,0.036
CUST00531,18,57577.85,697,456.91,0,0.161,0.007
CUST00532,11,24762.22,774,249.59,0,0.072,0.103
CUST00533,6,48329.63,670,305.46,0,0.003,0.035
CUST00534,9,49316.88,601,400.41,0,0.094,0.073
CUST00535,18,71542.42,745,592.05,0,0.093,0.046
CUST00536,6,118676.19,691,886.44,0,0.127,0.259
CUST00537,2,73060.47,737,569.77,0,0.124,0.02
CUST00538,12,65171.1,677,727.32,0,0.012,0.068
CUST00539,12,121394.4,630,977.56,0,0.228,0.001
CUST00540,17,84472.34,704,706.04,0,0.347,0.105
CUST00541,19,66356.23,681,489.45,0,0.099,0.034
CUST00542,7,48014.7,691,413.91,0,0.108,0.059
CUST00543,8,67905.0,777,447.09,0,0.159,0.019
CUST00544,6,58340.24,614,630.61,0,0.038,0.104
CUST00545,0,62285.85,697,525.88,0,0.041,0.021
CUST00546,2,92860.06,631,663.1,0,0.031,0.007
CUST00547,12,46491.95,525,469.08,0,0.035,0.023
CUST00548,16,72838.52,677,546.81,0,0.027,0.052
CUST00549,0,83723.5,682,877.06,0,0.21,0.051
CUST00550,5,43447.19,717,470.4,0,0.141,0.065
CUST00551,5,39434.46,667,465.19,0,0.039,0.297
CUST00552,11,56241.45,591,333.77,0,0.02,0.01
CUST00553,12,48459.26,631,579.76,0,0.119,0.024
CUST00554,12,88808.32,759,824.3,0,0.156,0.113
CUST00555,14,34955.79,630,362.85,0,0.126,0.127
CUST00556,15,61711.78,775,512.23,0,0.058,0.078
CUST00557,10,123651.21,743,817.88,0,0.041,0.046
CUST00558,4,70326.41,661,701.4,0,0.045,0.126
CUST00559,3,74482.25,636,855.82,0,0.05,0.091
CUST00560,2,89017.06,743,952.02,0,0.033,0.084
CUST00561,18,48426.27,666,427.45,0,0.104,0.008
CUST00562,19,32964.51,587,429.85,0,0.013,0.09
CUST00563,17,64412.78,714,498.81,0,0.116,0.021
CUST00564,14,66635.1,705,711.85,0,0.186,0.013
CUST00565,8,19544.73,748,153.9,0,0.151,0.013
CUST00566,16,69376.8,701,610.42,0,0.088,0.136
CUST00567,13,86746.26,647,708.5,0,0.021,0.13
CUST00568,14,37176.3,756,318.26,0,0.192,0.092
CUST00569,0,70888.9,762,622.8,0,0.337,0.151
CUST00570,2,82306.59,694,726.51,0,0.008,0.037
CUST00571,15,74666.96,684,648.93,0,0.339,0.006
CUST00572,10,77025.16,601,880.42,0,0.041,0.127
CUST00573,11,53879.99,644,464.76,0,0.018,0.007
CUST00574,9,31812.39,726,367.23,0,0.116,0.019
CUST00575,15,48821.34,647,519.35,0,0.038,0.06
CUST00576,7,45348.57,593,382.72,0,0.001,0.125
CUST00577,5,57993.52,850,636.67,0,0.005,0.019
CUST00578,11,87331.77,592,973.3,0,0.036,0.14
CUST00579,7,27204.0,815,261.23,0,0.099,0.029
CUST00580,3,63606.25,662,539.19,0,0.2,0.062
CUST00581,7,33414.96,675,352.29,0,0.05,0.022
CUST00582,17,41498.83,640,436.92,0,0.255,0.035
CUST00583,4,73968.52,727,642.65,0,0.195,0.258
CUST00584,8,30251.37,594,251.17,0,0.068,0.081
CUST00585,3,78356.11,570,856.62,0,0.082,0.225
CUST00586,16,26195.89,777,169.19,0,0.145,0.025
CUST00587,8,76674.51,632,596.26,0,0.103,0.044
CUST00588,0,21261.72,725,236.01,0,0.072,0.158
CUST00589,19,44554.68,615,458.24,0,0.013,0.058
CUST00590,12,107412.36,723,563.81,0,0.14,0.141
CUST00591,15,102713.66,781,856.94,0,0.174,0.18
CUST00592,12,49686.88,648,367.98,0,0.118,0.115
CUST00593,13,69749.01,564,436.75,0,0.111,0.011
CUST00594,2,90101.7,781,601.36,0,0.174,0.028
CUST00595,5,77032.4,736,698.44,0,0.049,0.046
CUST00596,17,53163.39,652,615.01,0,0.172,0.126
CUST00597,18,41284.12,667,358.07,0,0.005,0.084
CUST00598,4,81702.58,613,741.51,0,0.122,0.014
CUST00599,14,88267.58,765,691.08,0,0.138,0.212
CUST00600,1,102892.55,648,842.95,0,0.03,0.184
CUST00601,9,17818.76,595,178.39,0,0.379,0.14
CUST00602,17,28671.88,693,255.03,0,0.028,0.081
CUST00603,12,89048.09,628,685.16,0,0.137,0.076
CUST00604,4,21211.74,618,153.99,0,0.093,0.067
CUST00605,0,90963.75,654,687.11,0,0.015,0.138
CUST00606,0,54626.69,685,503.74,0,0.118,0.185
CUST00607,17,46977.15,597,344.1,0,0.052,0.021
CUST00608,14,65135.71,763,612.39,0,0.053,0.092
CUST00609,16,26365.79,721,251.52,0,0.147,0.08
CUST00610,10,80600.37,658,803.83,0,0.045,0.084
CUST00611,16,102240.92,626,701.29,0,0.079,0.09
CUST00612,12,81764.41,675,836.62,0,0.103,0.079
CUST00613,0,53837.28,734,378.6,0,0.094,0.107
CUST00614,1,21549.11,725,245.1,0,0.145,0.152
CUST00615,8,22510.31,744,250.15,0,0.021,0.084
CUST00616,2,26758.92,651,255.34,0,0.089,0.034
CUST00617,0,59693.04,505,470.86,0,0.036,0.358
CUST00618,15,62835.0,755,369.27,0,0.053,0.064
CUST00619,5,81711.09,670,470.04,0,0.135,0.258
CUST00620,16,15099.28,720,140.81,0,0.137,0.177
CUST00621,4,92780.26,780,600.0,0,0.024,0.007
CUST00622,4,77360.16,826,510.76,0,0.02,0.013
CUST00623,5,51829.09,641,574.15,1,0.204,0.095
CUST00624,2,30255.96,688,274.51,0,0.125,0.012
CUST00625,4,91228.52,762,657.71,0,0.288,0.029
CUST00626,4,52497.65,629,436.67,0,0.174,0.206
CUST00627,9,59499.53,645,482.02,0,0.112,0.228
CUST00628,9,69590.3,645,746.96,0,0.061,0.048
CUST00629,18,37170.03,678,276.39,0,0.102,0.001
CUST00630,16,52945.49,667,634.57,0,0.09,0.004
CUST00631,13,81632.92,644,565.82,0,0.107,0.036
CUST00632,8,79102.4,622,647.85,0,0.064,0.007
CUST00633,13,79327.68,729,636.17,0,0.069,0.01
CUST00634,0,31120.51,760,264.77,0,0.033,0.102
CUST00635,18,54085.49,769,438.63,0,0.076,0.019
CUST00636,12,50090.15,651,332.84,0,0.028,0.002
CUST00637,12,70629.47,731,642.21,0,0.085,0.111
CUST00638,3,68391.45,694,493.95,0,0.165,0.04
CUST00639,0,63885.68,646,594.56,0,0.209,0.134
CUST00640,16,121643.35,724,1241.04,0,0.014,0.022
CUST00641,7,52729.85,643,373.32,1,0.051,0.033
CUST00642,1,49804.42,657,319.1,0,0.045,0.053
CUST00643,7,31081.26,597,393.64,0,0.247,0.088
CUST00644,6,21553.82,652,179.29,0,0.06,0.442
CUST00645,1,29492.07,695,239.17,0,0.039,0.002
CUST00646,2,42032.95,774,440.1,0,0.148,0.007
CUST00647,17,92751.83,659,625.15,0,0.171,0.06
CUST00648,11,60979.1,618,466.76,0,0.209,0.134
CUST00649,0,64833.27,770,512.31,0,0.308,0.117
CUST00650,11,57593.17,650,824.97,0,0.012,0.05
CUST00651,4,69132.52,575,682.54,0,0.079,0.07
CUST00652,16,95051.8,688,831.13,0,0.214,0.348
CUST00653,15,10151.73,661,122.24,0,0.138,0.037
CUST00654,14,90458.43,818,778.77,0,0.026,0.04
CUST00655,14,10000.0,709,141.38,0,0.043,0.028
CUST00656,4,60705.07,671,420.5,0,0.036,0.0
CUST00657,13,114797.68,625,1105.56,0,0.226,0.163
CUST00658,1,77016.45,700,520.52,0,0.204,0.06
CUST00659,10,69326.47,767,513.02,0,0.177,0.166
CUST00660,18,110048.65,699,892.1,0,0.005,0.1
CUST00661,6,42423.43,629,406.73,0,0.056,0.216
CUST00662,5,70849.19,712,686.71,0,0.118,0.036
CUST00663,1,74452.93,677,673.81,0,0.113,0.078
CUST00664,5,46939.95,707,373.43,0,0.181,0.078
CUST00665,17,49147.25,659,420.48,0,0.05,0.041
CUST00666,1,46405.51,657,459.08,0,0.017,0.139
CUST00667,17,62182.87,655,312.98,0,0.227,0.058
CUST00668,14,73667.29,737,490.67,0,0.043,0.02
CUST00669,18,63080.76,658,366.34,0,0.051,0.033
CUST00670,1,77736.55,652,653.03,0,0.087,0.172
CUST00671,19,10771.32,623,125.25,0,0.011,0.053
CUST00672,5,54543.72,707,315.57,0,0.116,0.138
CUST00673,0,34414.52,699,367.26,0,0.029,0.075
CUST00674,14,67543.06,653,817.12,0,0.032,0.07
CUST00675,9,67172.94,637,695.25,0,0.17,0.006
CUST00676,18,57109.45,793,520.51,0,0.167,0.014
CUST00677,16,72756.98,567,739.14,0,0.025,0.053
CUST00678,4,84945.32,710,597.51,0,0.166,0.083
CUST00679,3,58486.99,757,270.34,0,0.057,0.311
CUST00680,9,33707.63,477,479.25,0,0.155,0.102
CUST00681,16,20468.56,728,245.83,0,0.14,0.057
CUST00682,9,60902.75,667,696.24,0,0.015,0.001
CUST00683,16,66046.67,695,564.73,0,0.132,0.004
CUST00684,19,35761.9,661,204.9,0,0.052,0.018
CUST00685,4,78144.17,745,837.62,0,0.052,0.133
CUST00686,1,48526.08,702,474.29,0,0.092,0.042
CUST00687,5,18589.18,688,193.14,0,0.037,0.109
CUST00688,1,91410.91,626,753.33,0,0.21,0.02
CUST00689,12,88599.7,793,622.13,0,0.058,0.085
CUST00690,10,10000.0,681,126.89,0,0.056,0.043
CUST00691,10,45934.99,817,485.98,0,0.072,0.057
CUST00692,15,44960.41,796,532.46,0,0.048,0.124
CUST00693,10,100987.22,573,913.85,0,0.105,0.049
CUST00694,18,57517.68,641,549.53,0,0.207,0.02
CUST00695,14,22603.05,618,181.46,0,0.026,0.002
CUST00696,15,82052.62,677,732.54,0,0.045,0.012
CUST00697,10,29230.61,691,256.84,0,0.136,0.095
CUST00698,15,53491.49,694,367.58,0,0.193,0.037
CUST00699,7,40755.78,743,367.15,0,0.07,0.099
CUST00700,3,45988.62,770,381.46,0,0.043,0.018
CUST00701,7,83431.45,738,634.48,0,0.044,0.107
CUST00702,3,98033.25,646,678.8,0,0.122,0.126
CUST00703,2,28140.78,633,243.05,0,0.04,0.078
CUST00704,2,75651.91,680,566.07,0,0.004,0.093
CUST00705,17,41681.16,706,376.27,0,0.041,0.338
CUST00706,18,42458.2,669,453.35,0,0.101,0.088
CUST00707,18,72265.91,599,668.86,0,0.135,0.082
CUST00708,4,34302.43,721,206.89,0,0.023,0.009
CUST00709,17,71765.07,656,973.45,0,0.161,0.059
CUST00710,9,78252.83,655,609.31,0,0.039,0.021
CUST00711,5,49186.69,677,409.04,0,0.078,0.032
CUST00712,0,93176.95,666,803.81,0,0.001,0.068
CUST00713,4,28179.38,658,268.49,0,0.093,0.038
CUST00714,8,93635.15,603,761.43,0,0.155,0.061
CUST00715,11,11400.31,673,155.94,0,0.073,0.001
CUST00716,13,127492.85,722,1116.69,0,0.31,0.02
CUST00717,1,49844.94,696,446.45,0,0.038,0.021
CUST00718,16,30942.32,737,388.65,0,0.05,0.074
CUST00719,13,54183.2,636,526.82,0,0.049,0.171
CUST00720,12,33838.05,603,350.37,0,0.041,0.053
CUST00721,8,69674.13,665,566.53,0,0.048,0.088
CUST00722,14,94191.43,643,493.24,1,0.199,0.143
CUST00723,14,35163.59,649,424.41,0,0.178,0.061
CUST00724,10,74484.98,693,581.7,0,0.045,0.183
CUST00725,15,21681.62,650,127.14,0,0.187,0.061
CUST00726,16,85823.87,605,838.34,0,0.082,0.032
CUST00727,3,70405.91,646,644.01,0,0.06,0.002
CUST00728,0,86904.58,700,738.6,0,0.29,0.064
CUST00729,7,56941.33,720,537.88,0,0.098,0.083
CUST00730,16,49121.09,720,388.36,0,0.221,0.026
CUST00731,2,80402.94,705,835.15,0,0.039,0.215
CUST00732,19,27298.79,670,239.68,0,0.133,0.139
CUST00733,14,16429.39,704,205.31,0,0.039,0.027
CUST00734,14,59875.95,677,481.88,0,0.102,0.014
CUST00735,13,50260.08,687,286.82,0,0.137,0.122
CUST00736,13,73845.83,624,534.61,1,0.177,0.018
CUST00737,1,87288.79,683,544.38,0,0.091,0.182
CUST00738,12,73325.35,703,638.2,1,0.081,0.167
CUST00739,13,85297.58,700,865.15,0,0.067,0.103
CUST00740,18,68026.31,603,637.21,0,0.056,0.095
CUST00741,6,72364.89,686,496.2,0,0.166,0.055
CUST00742,2,57083.57,593,557.25,0,0.029,0.389
CUST00743,14,71626.14,690,494.71,0,0.05,0.042
CUST00744,13,64166.32,638,579.8,0,0.163,0.009
CUST00745,10,68129.42,782,276.5,0,0.095,0.066
CUST00746,14,55831.9,687,545.17,0,0.27,0.138
CUST00747,12,80223.23,728,929.48,0,0.008,0.024
CUST00748,17,42238.69,807,452.69,0,0.01,0.05
CUST00749,5,59541.27,631,654.0,0,0.138,0.183
CUST00750,2,92794.6,706,894.83,0,0.051,0.367
CUST00751,18,36281.95,609,447.93,0,0.068,0.013
CUST00752,14,10000.0,701,123.66,0,0.096,0.023
CUST00753,4,69161.43,786,424.11,0,0.076,0.005
CUST00754,9,53576.14,642,486.38,0,0.067,0.045
CUST00755,6,85271.56,627,689.41,0,0.1,0.096
CUST00756,16,56737.12,675,487.28,0,0.059,0.019
CUST00757,6,44891.52,803,325.16,0,0.108,0.054
CUST00758,11,58104.57,726,514.54,0,0.261,0.167
CUST00759,16,87326.71,626,626.1,0,0.122,0.053
CUST00760,12,74384.24,767,603.74,0,0.006,0.341
CUST00761,19,10000.0,581,94.19,0,0.333,0.256
CUST00762,3,64644.19,808,817.97,0,0.179,0.0
CUST00763,9,65894.05,731,616.78,0,0.07,0.04
CUST00764,2,59543.75,786,635.11,0,0.027,0.04
CUST00765,8,44727.75,581,429.27,0,0.08,0.094
CUST00766,12,89863.3,690,967.64,0,0.016,0.007
CUST00767,17,91100.85,672,857.54,0,0.093,0.062
CUST00768,14,10000.0,620,126.96,1,0.049,0.063
CUST00769,3,40051.01,602,326.34,0,0.16,0.016
CUST00770,14,56381.73,710,577.11,0,0.043,0.093
CUST00771,1,83712.71,716,747.51,0,0.111,0.071
CUST00772,14,60871.32,758,434.8,0,0.023,0.082
CUST00773,7,42910.15,650,335.5,1,0.054,0.009
CUST00774,7,77738.34,672,745.47,0,0.224,0.021
CUST00775,16,54716.6,597,507.88,0,0.04,0.172
CUST00776,11,57064.98,772,624.79,0,0.007,0.02
CUST00777,18,59321.04,684,564.39,0,0.029,0.133
CUST00778,9,74357.71,723,579.59,0,0.127,0.053
CUST00779,8,52286.26,725,300.29,0,0.094,0.044
CUST00780,4,77173.66,768,585.57,0,0.042,0.059
CUST00781,5,58173.28,630,507.88,0,0.12,0.078
CUST00782,19,33324.59,722,228.63,0,0.177,0.024
CUST00783,1,59080.59,678,539.03,0,0.122,0.177
CUST00784,12,34619.66,806,282.34,0,0.254,0.02
CUST00785,5,61024.67,630,485.53,0,0.056,0.156
CUST00786,4,80736.85,750,759.24,0,0.22,0.058
CUST00787,0,33159.27,701,358.89,0,0.036,0.108
CUST00788,5,69106.84,698,419.48,0,0.08,0.082
CUST00789,5,39274.06,683,343.14,0,0.09,0.018
CUST00790,15,65042.51,761,547.31,0,0.291,0.036
CUST00791,3,81505.11,696,701.76,0,0.231,0.052
CUST00792,10,10000.0,589,93.06,0,0.108,0.239
CUST00793,8,32138.1,753,246.7,1,0.121,0.014
CUST00794,2,50775.51,742,403.94,0,0.004,0.061
CUST00795,18,67876.01,715,656.55,0,0.032,0.108
CUST00796,7,55840.42,612,577.8,0,0.312,0.21
CUST00797,4,58852.98,622,462.88,0,0.309,0.027
CUST00798,3,111074.61,567,661.54,0,0.132,0.001
CUST00799,5,29688.57,708,389.58,0,0.036,0.012
CUST00800,1,88387.13,599,620.55,0,0.051,0.16
CUST00801,19,51250.55,577,505.43,0,0.245,0.144
CUST00802,10,73736.87,756,661.46,0,0.204,0.036
CUST00803,3,113223.66,726,765.41,0,0.096,0.01
CUST00804,14,77216.95,660,527.05,0,0.014,0.062
CUST00805,5,69312.39,672,642.02,0,0.163,0.025
CUST00806,16,99978.06,536,589.08,0,0.011,0.049
CUST00807,5,88119.97,735,880.04,0,0.347,0.014
CUST00808,18,40015.15,638,428.68,0,0.137,0.149
CUST00809,1,67363.12,700,508.52,0,0.188,0.058
CUST00810,14,17062.61,531,165.11,0,0.331,0.043
CUST00811,10,46496.17,739,427.11,0,0.037,0.019
CUST00812,7,67851.32,635,524.11,0,0.023,0.124
CUST00813,18,44947.37,597,410.52,0,0.008,0.045
CUST00814,12,66834.17,660,334.39,0,0.065,0.102
CUST00815,11,59665.38,644,557.63,0,0.119,0.066
CUST00816,4,73410.42,744,650.19,0,0.119,0.045
CUST00817,5,49395.02,655,402.6,0,0.024,0.01
CUST00818,3,36496.28,762,403.07,0,0.049,0.188
CUST00819,18,96953.17,700,835.58,0,0.099,0.014
CUST00820,19,47607.58,734,352.26,0,0.039,0.061
CUST00821,0,76500.26,680,701.61,0,0.119,0.144
CUST00822,19,95881.18,756,973.91,0,0.073,0.002
CUST00823,16,64066.75,611,232.82,0,0.031,0.072
CUST00824,11,38592.34,687,288.49,0,0.199,0.102
CUST00825,14,55534.75,656,288.15,0,0.352,0.03
CUST00826,0,85438.52,764,719.98,0,0.268,0.008
CUST00827,13,65156.19,770,539.55,0,0.02,0.006
CUST00828,5,29871.46,680,290.27,0,0.08,0.056
CUST00829,4,74916.1,603,673.39,0,0.166,0.019
CUST00830,10,79238.29,706,531.03,0,0.091,0.007
CUST00831,3,51117.2,580,519.19,0,0.108,0.175
CUST00832,12,75256.11,778,903.23,0,0.026,0.19
CUST00833,10,66125.46,652,468.93,0,0.028,0.031
CUST00834,2,55064.26,678,503.64,0,0.23,0.06
CUST00835,0,27661.61,639,234.57,0,0.048,0.238
CUST00836,5,86948.85,626,584.17,0,0.264,0.088
CUST00837,17,78980.27,724,839.62,0,0.209,0.105
CUST00838,9,74597.16,670,620.22,0,0.115,0.133
CUST00839,4,98613.15,683,888.85,0,0.06,0.084
CUST00840,9,83629.84,620,804.08,0,0.142,0.001
CUST00841,11,77164.15,731,707.05,0,0.199,0.002
CUST00842,1,10000.0,737,67.05,0,0.14,0.208
CUST00843,12,89922.37,667,563.71,0,0.021,0.037
CUST00844,7,62077.01,756,657.52,0,0.175,0.277
CUST00845,1,67812.29,674,511.4,0,0.035,0.172
CUST00846,19,67983.33,727,527.74,0,0.05,0.006
CUST00847,0,79345.82,583,421.55,0,0.14,0.075
CUST00848,4,88054.38,701,779.74,0,0.169,0.282
CUST00849,8,75856.03,664,663.82,0,0.157,0.156
CUST00850,16,71882.14,689,673.6,0,0.319,0.21
CUST00851,8,65787.82,687,650.03,0,0.06,0.029
CUST00852,10,10000.0,688,151.75,0,0.073,0.106
CUST00853,14,52810.22,717,523.2,0,0.215,0.175
CUST00854,5,36460.26,646,362.09,0,0.072,0.011
CUST00855,2,90268.49,714,1088.79,0,0.029,0.156
CUST00856,16,75475.93,754,781.18,0,0.282,0.159
CUST00857,4,48546.58,595,393.89,0,0.048,0.042
CUST00858,11,51057.07,633,355.14,0,0.045,0.068
CUST00859,17,50150.47,636,613.98,0,0.044,0.197
CUST00860,13,49704.35,614,456.05,0,0.249,0.001
CUST00861,10,23886.06,652,292.53,0,0.053,0.003
CUST00862,8,18468.01,742,192.31,0,0.088,0.084
CUST00863,1,60726.17,767,474.7,0,0.166,0.029
CUST00864,11,86882.85,686,813.95,0,0.086,0.001
CUST00865,2,46557.76,661,578.69,0,0.302,0.176
CUST00866,2,67586.12,728,382.91,0,0.111,0.148
CUST00867,0,78356.52,538,762.78,0,0.009,0.037
CUST00868,7,35165.54,617,516.56,0,0.274,0.061
CUST00869,7,59500.61,541,290.29,0,0.015,0.082
CUST00870,10,43336.99,616,317.88,0,0.034,0.025
CUST00871,8,100152.99,634,785.05,0,0.043,0.133
CUST00872,4,99061.49,769,608.41,1,0.099,0.224
CUST00873,13,35191.43,514,352.79,0,0.009,0.157
CUST00874,2,69647.11,655,381.34,0,0.136,0.066
CUST00875,4,86689.98,717,761.21,0,0.118,0.03
CUST00876,4,81208.24,705,510.9,0,0.126,0.005
CUST00877,18,62039.08,768,566.49,1,0.066,0.014
CUST00878,13,92663.94,690,641.55,0,0.041,0.021
CUST00879,3,37387.13,702,371.79,0,0.063,0.161
CUST00880,12,52422.68,570,590.76,0,0.162,0.056
CUST00881,9,38058.94,621,304.29,0,0.066,0.069
CUST00882,17,79562.34,573,679.97,0,0.047,0.086
CUST00883,7,45434.08,714,329.82,0,0.036,0.176
CUST00884,7,55718.77,701,449.03,0,0.009,0.037
CUST00885,6,75441.76,699,636.68,0,0.11,0.016
CUST00886,7,77456.25,627,828.36,0,0.028,0.005
CUST00887,13,37321.84,622,405.65,0,0.211,0.123
CUST00888,18,86416.38,693,520.96,0,0.085,0.12
CUST00889,5,71392.24,640,657.14,0,0.084,0.098
CUST00890,0,32957.43,619,330.61,0,0.027,0.075
CUST00891,14,26807.1,649,146.33,0,0.077,0.059
CUST00892,0,59604.51,640,516.87,0,0.043,0.063
CUST00893,16,81252.35,628,607.16,0,0.245,0.161
CUST00894,0,81892.9,606,738.19,1,0.234,0.012
CUST00895,14,68904.17,707,661.06,0,0.178,0.039
CUST00896,1,61216.87,773,434.47,0,0.037,0.101
CUST00897,13,72793.44,678,641.78,0,0.275,0.036
CUST00898,7,38616.74,693,411.2,0,0.128,0.053
CUST00899,7,102174.7,712,996.99,0,0.052,0.047
CUST00900,18,101848.46,702,818.23,0,0.076,0.019
CUST00901,6,70720.31,629,497.52,0,0.001,0.041
CUST00902,18,64932.51,783,524.01,1,0.076,0.046
CUST00903,5,49714.48,635,475.22,0,0.014,0.198
CUST00904,5,73218.72,719,497.54,0,0.216,0.017
CUST00905,2,42717.07,712,468.75,0,0.172,0.045
CUST00906,6,10000.0,562,100.15,0,0.024,0.016
CUST00907,18,10000.0,658,114.67,0,0.013,0.09
CUST00908,7,40012.54,683,248.57,0,0.086,0.01
CUST00909,9,63909.45,688,632.69,0,0.295,0.074
CUST00910,19,68299.29,698,413.91,0,0.019,0.134
CUST00911,14,47831.07,725,527.29,0,0.011,0.006
CUST00912,14,63545.88,680,537.8,0,0.031,0.0
CUST00913,0,53144.29,701,364.11,0,0.051,0.018
CUST00914,19,35017.18,677,321.8,0,0.027,0.035
CUST00915,6,58656.39,619,696.34,1,0.007,0.067
CUST00916,3,80323.93,682,598.61,0,0.257,0.007
CUST00917,5,36148.46,725,407.19,0,0.016,0.301
CUST00918,0,36159.88,747,356.01,0,0.023,0.041
CUST00919,4,33268.74,712,361.96,0,0.06,0.008
CUST00920,0,11587.03,760,112.18,0,0.046,0.006
CUST00921,3,47994.94,705,283.25,1,0.09,0.085
CUST00922,1,77852.15,732,864.88,0,0.195,0.032
CUST00923,9,64347.9,736,446.9,0,0.008,0.046
CUST00924,4,55768.73,667,511.43,0,0.057,0.045
CUST00925,9,63226.62,724,380.03,0,0.087,0.025
CUST00926,0,47775.46,624,296.05,0,0.041,0.048
CUST00927,5,11302.83,701,104.94,1,0.05,0.019
CUST00928,12,79592.97,715,655.18,0,0.174,0.1
CUST00929,14,86778.11,743,726.47,0,0.119,0.149
CUST00930,3,41796.08,729,563.98,0,0.103,0.017
CUST00931,12,56229.11,744,670.22,0,0.029,0.078
CUST00932,19,54075.02,674,469.4,0,0.184,0.001
CUST00933,14,68782.22,659,684.77,0,0.121,0.02
CUST00934,7,102247.34,664,760.31,0,0.24,0.017
CUST00935,4,88994.78,696,565.68,0,0.103,0.137
CUST00936,14,50577.14,571,427.46,0,0.049,0.066
CUST00937,3,73561.6,760,544.36,0,0.063,0.003
CUST00938,11,91358.92,683,589.5,0,0.305,0.181
CUST00939,12,70208.63,655,529.75,0,0.087,0.151
CUST00940,1,59882.51,528,406.76,0,0.051,0.055
CUST00941,18,71150.0,678,465.43,0,0.063,0.076
CUST00942,18,42418.21,668,496.38,0,0.06,0.057
CUST00943,3,46067.97,626,429.62,0,0.105,0.031
CUST00944,3,33399.14,640,293.41,0,0.073,0.049
CUST00945,10,67676.61,678,487.61,0,0.241,0.166
CUST00946,4,56714.93,645,501.43,0,0.086,0.037
CUST00947,19,39422.05,714,433.98,0,0.034,0.179
CUST00948,10,55895.51,635,462.69,0,0.005,0.037
CUST00949,9,71749.96,689,561.15,0,0.045,0.005
CUST00950,7,107867.81,751,704.24,0,0.129,0.38
CUST00951,5,85301.7,678,844.65,0,0.07,0.004
CUST00952,5,10000.0,701,107.99,0,0.183,0.232
CUST00953,7,65982.71,698,638.18,0,0.137,0.005
CUST00954,14,95733.11,680,755.35,0,0.061,0.01
CUST00955,13,26553.16,676,319.09,0,0.108,0.023
CUST00956,10,73788.98,646,448.31,0,0.042,0.042
CUST00957,11,54083.95,689,363.52,0,0.024,0.006
CUST00958,12,88757.26,663,1040.02,0,0.121,0.05
CUST00959,7,70106.43,773,444.44,0,0.23,0.021
CUST00960,17,37899.61,729,315.53,0,0.109,0.129
CUST00961,0,54978.71,593,468.51,0,0.128,0.076
CUST00962,14,56457.61,596,653.05,0,0.08,0.036
CUST00963,7,56920.54,672,441.72,0,0.244,0.029
CUST00964,10,87981.57,656,546.45,0,0.006,0.131
CUST00965,11,38934.5,669,465.96,0,0.028,0.033
CUST00966,11,85076.28,719,1100.37,0,0.18,0.051
CUST00967,3,52443.76,699,465.0,0,0.043,0.034
CUST00968,15,65587.78,698,594.07,0,0.086,0.064
CUST00969,3,61809.44,767,517.6,0,0.048,0.429
CUST00970,4,59454.87,597,442.59,0,0.017,0.083
CUST00971,4,59659.93,686,418.79,1,0.058,0.169
CUST00972,7,96433.96,645,631.84,0,0.039,0.151
CUST00973,9,81061.25,766,789.15,0,0.12,0.105
CUST00974,16,50932.11,547,327.53,0,0.191,0.23
CUST00975,8,99569.68,550,911.33,0,0.043,0.093
CUST00976,18,66867.03,698,529.29,0,0.036,0.011
CUST00977,13,68940.61,748,606.87,0,0.055,0.05
CUST00978,7,39067.02,726,346.31,1,0.113,0.095
CUST00979,8,47562.53,632,363.02,0,0.057,0.007
CUST00980,10,42787.41,770,389.87,0,0.114,0.031
CUST00981,0,62151.82,606,543.67,0,0.055,0.178
CUST00982,13,75969.58,758,648.14,0,0.013,0.007
CUST00983,4,69180.81,614,495.8,0,0.208,0.083
CUST00984,13,99701.1,659,909.72,0,0.03,0.055
CUST00985,3,37806.05,718,350.13,0,0.029,0.096
CUST00986,0,62871.73,592,421.46,0,0.178,0.183
CUST00987,18,27926.52,768,283.33,0,0.005,0.005
CUST00988,7,36953.23,659,201.47,0,0.192,0.033
CUST00989,14,91614.46,688,727.59,0,0.021,0.024
CUST00990,14,48420.88,750,487.4,0,0.131,0.006
CUST00991,8,39915.91,632,377.55,0,0.085,0.185
CUST00992,8,10000.0,744,154.05,0,0.085,0.13
CUST00993,9,39666.13,778,378.96,0,0.008,0.033
CUST00994,19,54867.99,641,586.26,0,0.15,0.06
CUST00995,8,26064.93,762,221.81,0,0.133,0.023
CUST00996,2,53430.42,574,322.62,0,0.153,0.059
CUST00997,19,91765.78,703,1091.01,0,0.046,0.115
CUST00998,10,42317.37,606,530.96,0,0.071,0.118
CUST00999,5,36415.42,737,405.44,0,0.252,0.021
CUST01000,1,31902.46,732,336.9,0,0.045,0.096
